<!--
  ~ This file is part of Matter Overdrive
  ~ Copyright (c) 2015., Simeon Radivoev, All rights reserved.
  ~
  ~ Matter Overdrive is free software: you can redistribute it and/or modify
  ~ it under the terms of the GNU General Public License as published by
  ~ the Free Software Foundation, either version 3 of the License, or
  ~ (at your option) any later version.
  ~
  ~ Matter Overdrive is distributed in the hope that it will be useful,
  ~ but WITHOUT ANY WARRANTY; without even the implied warranty of
  ~ MERCHANTABILITY or FITNESS FOR A PARTICULAR PURPOSE.  See the
  ~ GNU General Public License for more details.
  ~
  ~ You should have received a copy of the GNU General Public License
  ~ along with Matter Overdrive.  If not, see <http://www.gnu.org/licenses>.
  -->

<entry stylesheet="matteroverdrive:info/styles/guide.css">
    <page class="padded-page">
        <title size="2" class="matter-text small-title">Security Protocol</title>
        <image width="64" height="64" src="guide/security_protocol_machine_warning.png" style="float:left;margin-right:8px;margin-bottom:4px"></image>
        <text class="matter-text text-block" style="width:180px">The $itemName is used to secure machines in Matter Overdrive.
            It can secure almost every usable machine.
            Once a machine is secured, it can only be destroyed or accessed by the owner and anybody else who has the access protocol.</text>
        <text class="matter-text">To create a security protocol you have to get a blank one and click it while sneaking. This will cycle trough all the security protocol types.</text>
        <text class="matter-text">$itemName (Claim) - can claim new machines.</text>
        <text class="matter-text">$itemName (Access) - allows access to owned machines to anybody who has it in their inventory.</text>
        <text class="matter-text">$itemName (Remove) - removes a claim to an owned machine. The machine must be own by the same person who created the protocol.</text>
    </page>
</entry>
