<!--
  ~ This file is part of Matter Overdrive
  ~ Copyright (c) 2015., Simeon Radivoev, All rights reserved.
  ~
  ~ Matter Overdrive is free software: you can redistribute it and/or modify
  ~ it under the terms of the GNU General Public License as published by
  ~ the Free Software Foundation, either version 3 of the License, or
  ~ (at your option) any later version.
  ~
  ~ Matter Overdrive is distributed in the hope that it will be useful,
  ~ but WITHOUT ANY WARRANTY; without even the implied warranty of
  ~ MERCHANTABILITY or FITNESS FOR A PARTICULAR PURPOSE.  See the
  ~ GNU General Public License for more details.
  ~
  ~ You should have received a copy of the GNU General Public License
  ~ along with Matter Overdrive.  If not, see <http://www.gnu.org/licenses>.
  -->

<entry stylesheet="matteroverdrive:info/styles/guide.css">
    <page class="padded-page">
        <title size="2" class="matter-text small-title">Network Flash Drive</title>
        <text class="matter-text text-block">The Network Flash Drive is used in most Matter Network machines, as a destination filter. It holds the IDs (position) of all tagged machines. You can then put the flash drive in the destination filter in the config page of the machine in question. After that all messages or tasks send from that machine will only be accepted by the machines with IDs stored in the filter USB drive.</text>
        <text class="matter-text text-block">To tag a machine with the USB drive, just Shift Right Click it, while holding the flash drive in your hand.</text>
        <text class="matter-text text-block">To remove a machine from the list, just Shift Right Click the machine while holding the USB drive.</text>
    </page>
</entry>
