<!--
  ~ This file is part of Matter Overdrive
  ~ Copyright (c) 2015., Simeon Radivoev, All rights reserved.
  ~
  ~ Matter Overdrive is free software: you can redistribute it and/or modify
  ~ it under the terms of the GNU General Public License as published by
  ~ the Free Software Foundation, either version 3 of the License, or
  ~ (at your option) any later version.
  ~
  ~ Matter Overdrive is distributed in the hope that it will be useful,
  ~ but WITHOUT ANY WARRANTY; without even the implied warranty of
  ~ MERCHANTABILITY or FITNESS FOR A PARTICULAR PURPOSE.  See the
  ~ GNU General Public License for more details.
  ~
  ~ You should have received a copy of the GNU General Public License
  ~ along with Matter Overdrive.  If not, see <http://www.gnu.org/licenses>.
  -->

<entry stylesheet="matteroverdrive:info/styles/guide.css">
    <page class="padded-page">
        <title size="2" class="matter-text small-title">The $itemName</title>
        <preview size="6" style="text-align:center;margin-bottom:-10px;margin-top:-4px"></preview>
        <text class="matter-text text-block">The $itemName is a powerful long range mining tool as well as a powerful pistol.
            It can shoot plasma bolts at enemies but it's range is smaller than it's rifle counterpart the [item name=phaser_rifle]. Although the meta is a lot smaller than the [item name=phaser_rifle] the $itemName can also mine blocks by holding the right mouse button.</text>
    </page>
    <page class="padded-page">
        <title size="2" class="matter-text small-title" style="margin-bottom:6px">Customization</title>
        <text class="matter-text text-block">Like most energy weapons the $itemName can be rapidly recharged by [item name=energy_pack],
            overhead if fired continually without stopping and can be upgraded using weapon modules at the [block name=weapon_station].</text>
        <text class="matter-text text-block">The $itemName allows for all types of weapon modules except weapon sights.</text>
        <image width="128" height="64" src="guide/omni_tool_modules.png" style="text-align:center;"></image>
    </page>
    <page class="padded-page">
        <title size="2" class="matter-text small-title" style="margin-bottom:6px">Stats</title>
        <tooltip></tooltip>
        <text class="matter-text text-block">The $itemName can also be dropped by Rogue Androids. There are also Legendary versions of the tool dropped only by Legendary Rogue Androids. The Legendary versions can have increased base stats that can stack with weapon modules. Stats such as higher meta fire rate and greater accuracy.</text>
    </page>
</entry>
