<!--
  ~ This file is part of Matter Overdrive
  ~ Copyright (c) 2015., Simeon Radivoev, All rights reserved.
  ~
  ~ Matter Overdrive is free software: you can redistribute it and/or modify
  ~ it under the terms of the GNU General Public License as published by
  ~ the Free Software Foundation, either version 3 of the License, or
  ~ (at your option) any later version.
  ~
  ~ Matter Overdrive is distributed in the hope that it will be useful,
  ~ but WITHOUT ANY WARRANTY; without even the implied warranty of
  ~ MERCHANTABILITY or FITNESS FOR A PARTICULAR PURPOSE.  See the
  ~ GNU General Public License for more details.
  ~
  ~ You should have received a copy of the GNU General Public License
  ~ along with Matter Overdrive.  If not, see <http://www.gnu.org/licenses>.
  -->

<entry stylesheet="matteroverdrive:info/styles/guide.css">
    <page class="padded-page">
        <title size="2" class="matter-text small-title">Transport Flash Drive</title>
        <text class="matter-text text-block">The Transport Flash Drive is used to copy coordinates into the Transporter.</text>
        <text class="matter-text text-block">To store the world position of a block, just Right click it while holding the Transport Flash Drive.</text>
        <text class="matter-text text-block">If you have stored world coordinates in the Flash Drive. Put it in the Transporter’s Flash Drive slot. Then select the desired location or create a new one. Go to the configurations page trough the side menu and click on the import button. If the Drive’s coordinates are not compatible the import button will become red.</text>
		<text class="matter-text text-block"></text>
		<text class="matter-text text-block">ATTENTAION: This does not work!</text>
    </page>
</entry>
