<!--
  ~ This file is part of Matter Overdrive
  ~ Copyright (c) 2015., Simeon Radivoev, All rights reserved.
  ~
  ~ Matter Overdrive is free software: you can redistribute it and/or modify
  ~ it under the terms of the GNU General Public License as published by
  ~ the Free Software Foundation, either version 3 of the License, or
  ~ (at your option) any later version.
  ~
  ~ Matter Overdrive is distributed in the hope that it will be useful,
  ~ but WITHOUT ANY WARRANTY; without even the implied warranty of
  ~ MERCHANTABILITY or FITNESS FOR A PARTICULAR PURPOSE.  See the
  ~ GNU General Public License for more details.
  ~
  ~ You should have received a copy of the GNU General Public License
  ~ along with Matter Overdrive.  If not, see <http://www.gnu.org/licenses>.
  -->

<entry stylesheet="matteroverdrive:info/styles/guide.css">
    <page class="padded-page">
        <title size="2" class="matter-text small-title">Matter Replicator Failure</title>
        <text class="matter-text text-block">The Matter Replicator has a 5% fail chance.</text>
		<text class="matter-text text-block">If it happened you get Matter Dust with the exact same matter amount.</text>
		<text class="matter-text text-block">To get the matter out of it you have to put it into a Matter Recycler. From that you get Refined Matter Dust which can be decompost in the Matter Decomposer to get matter back.</text>
    </page>
</entry>
