{
  "forge_marker": 1,
  "defaults": {
    "model": "matteroverdrive:charging_station.obj",
    "custom": {
      "flip-v": true
    }
  },
  "variants": {
    "facing": {
	
      "north": {
        "transform": {
          "rotation": [{"x": 0}, {"y": 90}, {"z": 0}],
          "translation": [0.5, 0, -0.5]
        }
      },
	  
      "south": {
        "transform": {
          "rotation": [{"x": 0}, {"y": 270}, {"z": 0}],
          "translation": [-0.5, 0, 0.5]
        }
      },
	  
      "west": {
        "transform": {
          "rotation": [{"x": 0}, {"y": 180}, {"z": 0}],
          "translation": [-0.5, 0, -0.5]
        }
      },
	  
      "east": {
        "transform": {
          "rotation": [{"x": 0}, {"y": 0}, {"z": 0}],
          "translation": [0.5, 0, 0.5]
        }
      },
	  
      "up": {
        "transform": {
          "translation": [0.5, 0, 0.5]
        }
      },
	  
      "down": {
        "transform": {
          "translation": [0.5, 0, 0.5]
        }
      }
	  
    },
    "ctm": {
      "true": {},
      "false":{}
    },
    "inventory": [{
      "transform": {
        "gui": {
          "rotation": [ {"x": 30}, {"y": 315}, {"z": 0} ],
          "translation": [ 0, -0.36, 0],
          "scale": 0.37,
          "post-rotation": [ {"x": 0}, {"y": 0}, {"z": 0} ]
        },
        "ground": {
          "rotation": [ {"x": 0}, {"y": 0}, {"z": 0} ],
          "translation": [ 0, 0, 0],
          "scale": 0.25,
          "post-rotation": [ {"x": 0}, {"y": 0}, {"z": 0} ]
        },
        "thirdperson_righthand": {
          "rotation": [ {"x": 75}, {"y": 45}, {"z": 0} ],
          "translation": [ 0.25, 0, 0 ],
          "scale": 0.375,
          "post-rotation": [ {"x": 0}, {"y": 0}, {"z": 0} ]
        },
        "thirdperson_lefthand": {
          "rotation": [ {"x": 75}, {"y": 45}, {"z": 0} ],
          "translation": [ 0, -0.25, 0.1 ],
          "scale": 0.375,
          "post-rotation": [ {"x": 0}, {"y": 0}, {"z": 0} ]
        },
        "firstperson_righthand": {
          "rotation": [ {"x": 0}, {"y": 315}, {"z": 0} ],
          "translation": [ 0.5, -0.25, -0.1 ],
          "scale": 0.4,
          "post-rotation": [ {"x": 0}, {"y": 0}, {"z": 0} ]
        },
        "firstperson_lefthand": {
          "rotation": [ {"x": 0}, {"y": 315}, {"z": 0} ],
          "translation": [ -0.1, -0.15, -0.1 ],
          "scale": 0.4,
          "post-rotation": [ {"x": 0}, {"y": 0}, {"z": 0} ]
        }
      }
    }]
  }
}