{
  "forge_marker": 1,
  "defaults": {
    "model": "matteroverdrive:microwave",
    "custom":{
      "flip-v": true
    }
  },
  "variants": {
    "facing":{
	
      "north":{
        "transform": {
          "rotation": {
            "y":0
          }
        }
      },
	  
      "east":{
        "transform": {
          "rotation": {
            "y":270
          }
        }
      },
	  
      "south":{
        "transform": {
          "rotation": {
            "y":180
          }
        }
      },
	  
      "west": {
        "transform": {
          "rotation": {
            "y": 90
          }
        }
      },
	  
      "up": {

      },
	  
      "down": {

      }
    },
    "inventory": {
      "model": "matteroverdrive:microwave",
      "transform": "forge:default-block"
    }
  }
}
