{
  "forge_marker": 1,
  "defaults": {
    "model": "matteroverdrive:pattern_monitor"
  },
  "variants": {
    "normal": {"model": "matteroverdrive:pattern_monitor"},
    "facing=north": { "model": "matteroverdrive:pattern_monitor"},
    "facing=south": { "model": "matteroverdrive:pattern_monitor","y": 180 },
    "facing=west":  { "model": "matteroverdrive:pattern_monitor","y": 270 },
    "facing=east":  { "model": "matteroverdrive:pattern_monitor","y": 90 },
    "facing=up": { "model": "matteroverdrive:pattern_monitor","x": 270 },
    "facing=down": { "model": "matteroverdrive:pattern_monitor","x": 90 },
    "inventory": {
      "model": "matteroverdrive:pattern_monitor",
      "transform": "forge:default-block"
    }
  }
}
