{
  "forge_marker": 1,
  "defaults": {
    "model": "matteroverdrive:pylon.obj",
    "custom":{
      "flip-v": true
    }
  },
  "variants": {
    "type":{
	
      "normal": {
        "model": "cube_all",
        "textures": {
          "all": "matteroverdrive:blocks/construction_block"
        }
      },
	  
      "dummy": {
        "model": "cube_all"
      },
	  
      "main":{
        "model": "matteroverdrive:pylon.obj"
      }
    },
	
    "ctm": {
      "true": {},
      "false":{}
    },
	
    "inventory": {
      "model": "cube_all",
      "transform": "forge:default-block",
      "textures":{
        "all":"matteroverdrive:blocks/construction_block"
      }
    }
  }
}
