{
  "forge_marker": 1,
  "defaults": {
    "model": "matteroverdrive:replicator.obj",
    "custom":{
      "flip-v": true
    }
  },
  "variants": {
    "facing":{
	
      "north":{
        "transform": {
          "rotation": {
            "y": 0
          }
        }
      },
	  
      "south": {
        "transform": {
          "rotation": {
            "y": 180
          }
        }
      },
	  
      "west": {
        "transform": {
          "rotation": {
            "y": 90
          }
        }
      },
	  
      "east":{
        "transform": {
          "rotation": {
            "y": 270
          }
        }
      },
	  
      "up":{

      },
	  
      "down":{

      }
	  
    },
    "inventory": {
      "model": "matteroverdrive:replicator.obj",
      "transform": "forge:default-block"
    }
  }
}
