<!--
  ~ This file is part of Matter Overdrive
  ~ Copyright (c) 2015., Simeon Radivoev, All rights reserved.
  ~
  ~ Matter Overdrive is free software: you can redistribute it and/or modify
  ~ it under the terms of the GNU General Public License as published by
  ~ the Free Software Foundation, either version 3 of the License, or
  ~ (at your option) any later version.
  ~
  ~ Matter Overdrive is distributed in the hope that it will be useful,
  ~ but WITHOUT ANY WARRANTY; without even the implied warranty of
  ~ MERCHANTABILITY or FITNESS FOR A PARTICULAR PURPOSE.  See the
  ~ GNU General Public License for more details.
  ~
  ~ You should have received a copy of the GNU General Public License
  ~ along with Matter Overdrive.  If not, see <http://www.gnu.org/licenses>.
  -->

<entry stylesheet="matteroverdrive:info/styles/guide.css">
    <page class="padded-page">
        <title size="2" class="matter-text small-title">二锂晶体</title>
        <image width="64" height="64" src="guide/dilithium_crystal.png" style="float:left;margin-right:8px;margin-bottom:4px"></image>
        <text class="matter-text text-block" style="width:180px">二锂是一种通过漫长地质变化而形成的坚固结晶矿物。
            将其置于高频电磁场中时，它的结构会随着电磁场的诱导而发生改变，晶体将失去电子。</text>
        <text class="matter-text text-block">绝大多数MatterOverdrive（超能物质）的机械制造都离不开二锂。而[block name=dilithium_ore]的开采必要要挖掘等级等于铁或者以上的工具才能挖掘。附带时运附魔的工具挖掘[block name=dilithium_ore]将显著增加二锂晶体的掉落数量。</text>
    </page>
</entry>
