<!--
  ~ This file is part of Matter Overdrive
  ~ Copyright (c) 2015., Simeon Radivoev, All rights reserved.
  ~
  ~ Matter Overdrive is free software: you can redistribute it and/or modify
  ~ it under the terms of the GNU General Public License as published by
  ~ the Free Software Foundation, either version 3 of the License, or
  ~ (at your option) any later version.
  ~
  ~ Matter Overdrive is distributed in the hope that it will be useful,
  ~ but WITHOUT ANY WARRANTY; without even the implied warranty of
  ~ MERCHANTABILITY or FITNESS FOR A PARTICULAR PURPOSE.  See the
  ~ GNU General Public License for more details.
  ~
  ~ You should have received a copy of the GNU General Public License
  ~ along with Matter Overdrive.  If not, see <http://www.gnu.org/licenses>.
  -->

<entry stylesheet="matteroverdrive:info/styles/guide.css">
    <page class="padded-page">
        <title size="2" class="matter-text small-title">任务卡</title>
        <text class="matter-text text-block">任务卡内写着各种任务，玩家可以在接收它们之前预览其中的内容。
            任务卡的获取方式很多，玩家可以使用[item name=contract_market]来获取任务，也可以与NPC交谈获取。</text>
        <text class="matter-text text-block">一旦接受任务，玩家便可使用[item name=data_pad]来查看以及追踪任务完成情况。当你完成一项任务时你就会获得特定的奖励和经验。
            另外，每当完成一个任务后新任务便会刷新。</text>
    </page>
</entry>
